93646;54;9;2
93646;60;7;0
93647;54;19;2
93647;60;7;0
93648;54;39;2
93648;60;7;0
93649;54;59;2
93649;60;7;0
93650;54;89;2
93650;60;7;0
93651;54;109;2
93651;60;7;0
93652;54;129;2
93652;60;7;0
93653;54;159;2
93653;60;7;0
93654;54;189;2
93654;60;7;0
93655;54;201;2
93655;60;7;0
93658;54;9;2
93658;60;5;0
93659;54;19;2
93659;60;5;0
93660;54;29;2
93660;60;5;0
93661;54;39;2
93661;60;5;0
93662;54;79;2
93662;60;5;0
93663;54;119;2
93663;60;5;0
93664;54;169;2
93664;60;5;0
93665;54;189;2
93665;60;5;0
93666;54;200;2
93666;60;5;0
93667;54;202;2
93667;60;5;0
93689;54;9;2
93689;60;8;0
93690;54;49;2
93690;60;8;0
93691;54;69;2
93691;60;8;0
93692;54;89;2
93692;60;8;0
93693;54;119;2
93693;60;8;0
93694;54;149;2
93694;60;8;0
93695;54;179;2
93695;60;8;0
93696;54;199;2
93696;60;8;0
93697;54;200;2
93697;60;8;0
93698;54;204;2
93698;60;8;0
93710;54;9;2
93710;60;7;0
93711;54;39;2
93711;60;11;0
93712;54;89;2
93712;60;11;0
93713;54;169;2
93713;60;11;0
93714;54;200;2
93714;60;11;0
93715;54;29;2
93716;54;59;2
93717;54;79;2
93718;54;99;2
93719;54;139;2
93720;54;179;2
93721;54;9;2
93722;54;29;2
93723;54;59;2
93724;54;79;2
93725;54;99;2
93726;54;139;2
93727;54;179;2
93728;54;9;2
93729;54;69;2
93730;54;99;2
93731;54;139;2
93732;54;29;2
93733;54;19;2
93734;54;59;2
93735;54;99;2
93736;54;0;2
93737;54;169;2
93737;60;2;0
93738;54;199;2
93738;60;2;0
93739;54;203;2
93739;60;2;0
93740;54;149;2
93740;60;2;0
93741;54;39;2
93742;54;69;2
93743;54;109;2
93744;54;149;2
93745;54;189;2
93746;54;200;2
93747;54;203;2
93748;54;0;2
93749;54;29;2
93749;60;12;0
93750;54;59;2
93750;60;12;0
93751;54;89;2
93751;60;12;0
93752;54;109;2
93752;60;12;0
93753;54;129;2
93753;60;12;0
93754;54;149;2
93754;60;12;0
93755;54;169;2
93755;60;12;0
93756;54;189;2
93756;60;12;0
93757;54;200;2
93757;60;12;0
93758;54;0;2
93758;60;12;0
93759;54;9;2
93760;54;29;2
93761;54;79;2
93762;54;109;2
93763;54;9;2
93914;54;29;2
93914;60;6;0
93914;60;15;0
93914;60;2;0
93914;60;4;0
93915;54;59;2
93915;60;6;0
93915;60;15;0
93915;60;2;0
93915;60;4;0
93916;54;99;2
93916;60;6;0
93916;60;15;0
93916;60;2;0
93916;60;4;0
93917;54;139;2
93917;60;6;0
93917;60;15;0
93917;60;2;0
93917;60;4;0
93918;54;19;2
93918;60;9;0
93918;60;6;0
93919;54;49;2
93919;60;9;0
93919;60;6;0
93920;54;69;2
93920;60;9;0
93920;60;6;0
93921;54;99;2
93921;60;9;0
93921;60;6;0
93922;54;129;2
93922;60;9;0
93922;60;6;0
93923;54;159;2
93923;60;9;0
93923;60;6;0
93924;54;9;2
93924;60;14;0
93924;60;3;0
93924;60;9;0
93924;60;6;0
93925;54;19;2
93925;60;14;0
93925;60;3;0
93925;60;9;0
93925;60;6;0
93926;54;39;2
93926;60;14;0
93926;60;3;0
93926;60;9;0
93926;60;6;0
93927;54;59;2
93927;60;14;0
93927;60;3;0
93927;60;9;0
93927;60;6;0
93928;54;79;2
93928;60;14;0
93928;60;3;0
93928;60;9;0
93928;60;6;0
93929;54;99;2
93929;60;14;0
93929;60;3;0
93929;60;9;0
93929;60;6;0
93930;54;129;2
93930;60;14;0
93930;60;3;0
93930;60;9;0
93930;60;6;0
93931;54;159;2
93931;60;14;0
93931;60;3;0
93931;60;9;0
93931;60;6;0
93932;54;189;2
93932;60;14;0
93932;60;3;0
93932;60;9;0
93932;60;6;0
93933;54;200;2
93933;60;14;0
93933;60;3;0
93933;60;9;0
93933;60;6;0
93934;54;19;2
93934;60;7;0
93934;60;3;0
93934;60;10;0
93935;54;39;2
93935;60;7;0
93935;60;3;0
93935;60;10;0
93936;54;69;2
93936;60;7;0
93936;60;3;0
93936;60;10;0
93937;54;99;2
93937;60;7;0
93937;60;3;0
93937;60;10;0
93938;54;129;2
93938;60;7;0
93938;60;3;0
93938;60;10;0
93939;54;159;2
93939;60;7;0
93939;60;3;0
93939;60;10;0
93940;54;59;2
93940;60;10;0
93941;54;79;2
93941;60;10;0
93942;54;99;2
93942;60;10;0
93943;54;119;2
93943;60;10;0
93944;54;149;2
93944;60;10;0
93945;54;189;2
93945;60;10;0
93946;54;199;2
93946;60;10;0
93947;54;203;2
93947;60;10;0
93948;54;207;2
93948;60;10;0
93949;54;211;2
93949;60;10;0
93950;54;19;2
93950;60;5;0
93951;54;49;2
93951;60;5;0
93952;54;79;2
93952;60;5;0
93953;54;119;2
93953;60;5;0
93954;54;149;2
93954;60;5;0
93955;54;169;2
93955;60;5;0
93956;54;189;2
93956;60;5;0
93957;54;200;2
93957;60;5;0
93958;54;202;2
93958;60;5;0
93959;54;207;2
93959;60;5;0
93960;54;9;2
93960;60;14;0
93961;54;29;2
93961;60;14;0
93962;54;49;2
93962;60;14;0
93963;54;79;2
93963;60;14;0
93964;54;109;2
93964;60;14;0
93965;54;149;2
93965;60;14;0
93966;54;169;2
93966;60;14;0
93967;54;189;2
93967;60;14;0
93968;54;201;2
93968;60;14;0
93969;54;206;2
93969;60;14;0
93970;54;9;2
93970;60;12;0
93970;60;9;0
93971;54;29;2
93971;60;12;0
93971;60;9;0
93972;54;49;2
93972;60;12;0
93972;60;9;0
93973;54;79;2
93973;60;12;0
93973;60;9;0
93974;54;29;2
93974;60;2;0
93974;60;9;0
93975;54;69;2
93975;60;2;0
93975;60;9;0
93976;54;119;2
93976;60;2;0
93976;60;9;0
93977;54;189;2
93977;60;2;0
93977;60;9;0
93978;54;200;2
93978;60;2;0
93978;60;9;0
93979;54;204;2
93979;60;2;0
93979;60;9;0
93980;54;49;2
93980;60;8;0
93981;54;69;2
93981;60;8;0
93982;54;99;2
93982;60;8;0
93983;54;139;2
93983;60;8;0
93984;54;159;2
93984;60;8;0
93985;54;179;2
93985;60;8;0
93986;54;200;2
93986;60;8;0
93987;54;201;2
93987;60;8;0
93988;54;202;2
93988;60;8;0
93989;54;205;2
93989;60;8;0
93990;54;39;2
93990;60;4;0
93990;60;15;0
93990;60;2;0
93990;60;8;0
93991;54;69;2
93991;60;4;0
93991;60;15;0
93991;60;2;0
93991;60;8;0
93992;54;99;2
93992;60;4;0
93992;60;15;0
93992;60;2;0
93992;60;8;0
93993;54;129;2
93993;60;4;0
93993;60;15;0
93993;60;2;0
93993;60;8;0
93994;54;159;2
93994;60;4;0
93994;60;15;0
93994;60;2;0
93994;60;8;0
93995;54;199;2
93995;60;4;0
93995;60;15;0
93995;60;2;0
93995;60;8;0
93996;54;204;2
93996;60;4;0
93996;60;15;0
93996;60;2;0
93996;60;8;0
93997;54;206;2
93997;60;4;0
93997;60;15;0
93997;60;2;0
93997;60;8;0
93998;54;211;2
93998;60;4;0
93998;60;15;0
93998;60;2;0
93998;60;8;0
93999;54;218;2
93999;60;4;0
93999;60;15;0
93999;60;2;0
93999;60;8;0
94000;54;19;2
94001;54;29;2
94002;54;49;2
94003;54;79;2
94004;54;99;2
94005;54;9;2
94005;60;12;0
94006;54;29;2
94006;60;12;0
94007;54;59;2
94007;60;12;0
94008;54;99;2
94008;60;12;0
94009;54;129;2
94009;60;12;0
94010;54;169;2
94010;60;12;0
94011;54;199;2
94011;60;12;0
94012;54;200;2
94012;60;12;0
94013;54;204;2
94013;60;12;0
94014;54;207;2
94014;60;12;0
94015;54;9;2
94015;60;1;0
94015;60;9;0
94016;54;29;2
94016;60;1;0
94016;60;9;0
94017;54;59;2
94017;60;1;0
94017;60;9;0
94018;54;89;2
94018;60;1;0
94018;60;9;0
94019;54;129;2
94019;60;1;0
94019;60;9;0
94020;54;149;2
94020;60;1;0
94020;60;9;0
94021;54;189;2
94021;60;1;0
94021;60;9;0
94022;54;200;2
94022;60;1;0
94022;60;9;0
94023;54;201;2
94023;60;1;0
94023;60;9;0
94024;54;205;2
94024;60;1;0
94024;60;9;0
94025;54;29;2
94025;60;7;0
94026;54;59;2
94026;60;7;0
94027;54;89;2
94027;60;7;0
94028;54;109;2
94028;60;7;0
94029;54;129;2
94029;60;7;0
94030;54;149;2
94030;60;7;0
94031;54;200;2
94031;60;7;0
94032;54;201;2
94032;60;7;0
94033;54;204;2
94033;60;7;0
94034;54;207;2
94034;60;7;0
94035;54;59;2
94035;60;2;0
94036;54;79;2
94036;60;2;0
94037;54;109;2
94037;60;2;0
94038;54;129;2
94038;60;2;0
94039;54;149;2
94039;60;2;0
94040;54;169;2
94040;60;2;0
94041;54;189;2
94041;60;2;0
94042;54;200;2
94042;60;2;0
94043;54;204;2
94043;60;2;0
94044;54;212;2
94044;60;2;0
94045;54;9;2
94046;54;29;2
94047;54;49;2
94048;54;69;2
94049;54;89;2
94050;54;109;2
94051;54;129;2
94052;54;149;2
94053;54;169;2
94054;54;189;2
94055;54;159;2
94056;54;179;2
94057;54;199;2
94058;54;202;2
94059;54;208;2
94060;54;214;2
94061;54;79;2
94061;60;11;0
94062;54;179;2
94062;60;11;0
94063;54;202;2
94063;60;11;0
94064;54;9;2
94065;54;29;2
94066;54;79;2
94067;54;139;2
94068;54;149;2
94068;60;6;0
94069;54;199;2
94069;60;6;0
94070;54;204;2
94070;60;6;0
94071;54;29;2
94072;54;69;2
94073;54;129;2
94074;54;179;2
94075;54;19;2
94075;60;3;0
94076;54;49;2
94076;60;3;0
94077;54;89;2
94077;60;3;0
94078;54;119;2
94078;60;3;0
94079;54;149;2
94079;60;3;0
94080;54;189;2
94080;60;3;0
94081;54;200;2
94081;60;3;0
94082;54;202;2
94082;60;3;0
94083;54;205;2
94083;60;3;0
94084;54;208;2
94084;60;3;0
94085;54;0;2
94085;60;12;0
94086;54;0;2
94086;60;12;0
94087;54;0;2
94087;60;12;0
94088;54;0;2
94088;60;12;0
94089;54;0;2
94089;60;12;0
94090;54;0;2
94090;60;12;0
94091;54;0;2
94091;60;12;0
94092;54;0;2
94092;60;12;0
94093;54;0;2
94093;60;12;0
94094;54;0;2
94094;60;12;0
94095;54;29;2
94095;60;9;0
94096;54;59;2
94096;60;9;0
94097;54;89;2
94097;60;9;0
94098;54;109;2
94098;60;9;0
94099;54;129;2
94099;60;9;0
94100;54;159;2
94100;60;9;0
94101;54;199;2
94101;60;9;0
94102;54;201;2
94102;60;9;0
94103;54;203;2
94103;60;9;0
94104;54;214;2
94104;60;9;0
94105;54;119;2
94106;54;199;2
94107;54;207;2
94108;54;9;2
94108;60;3;0
94109;54;19;2
94109;60;3;0
94110;54;39;2
94110;60;3;0
94111;54;69;2
94111;60;3;0
94112;54;99;2
94112;60;3;0
94113;54;119;2
94113;60;3;0
94114;54;149;2
94114;60;3;0
94115;54;179;2
94115;60;3;0
94116;54;199;2
94116;60;3;0
94117;54;202;2
94117;60;3;0
94118;54;59;2
94119;54;109;2
94120;54;189;2
94121;54;49;2
94121;60;4;0
94122;54;119;2
94122;60;4;0
94123;54;189;2
94123;60;4;0
94124;54;200;2
94124;60;4;0
94125;54;19;2
94125;60;1;0
94126;54;29;2
94126;60;1;0
94127;54;59;2
94127;60;1;0
94128;54;89;2
94128;60;1;0
94129;54;139;2
94129;60;1;0
94130;54;179;2
94130;60;1;0
94131;54;201;2
94131;60;1;0
94132;54;204;2
94132;60;1;0
94133;54;19;2
94133;60;14;0
94134;54;39;2
94134;60;14;0
94135;54;69;2
94135;60;14;0
94136;54;89;2
94136;60;14;0
94137;54;109;2
94137;60;14;0
94138;54;129;2
94138;60;14;0
94139;54;149;2
94139;60;14;0
94140;54;179;2
94140;60;14;0
94141;54;199;2
94141;60;14;0
94142;54;201;2
94142;60;14;0
94143;54;9;2
94143;60;1;0
94143;60;5;0
94144;54;39;2
94144;60;1;0
94144;60;5;0
94145;54;59;2
94145;60;1;0
94145;60;5;0
94146;54;89;2
94146;60;1;0
94146;60;5;0
94147;54;119;2
94147;60;1;0
94147;60;5;0
94148;54;139;2
94148;60;1;0
94148;60;5;0
94149;54;159;2
94149;60;1;0
94149;60;5;0
94150;54;49;2
94151;54;99;2
94152;54;149;2
94153;54;199;2
94154;54;202;2
94155;54;19;2
94155;60;9;0
94156;54;39;2
94156;60;9;0
94157;54;69;2
94157;60;9;0
94158;54;99;2
94158;60;9;0
94159;54;149;2
94159;60;9;0
94160;54;200;2
94160;60;9;0
94161;54;204;2
94161;60;9;0
94162;54;208;2
94162;60;9;0
94163;54;213;2
94163;60;9;0
94164;54;218;2
94164;60;9;0
94165;54;29;2
94165;60;3;0
94166;54;49;2
94166;60;3;0
94167;54;69;2
94167;60;3;0
94168;54;99;2
94168;60;3;0
94169;54;129;2
94169;60;3;0
94170;54;159;2
94170;60;3;0
94171;54;200;2
94171;60;3;0
94172;54;205;2
94172;60;3;0
94173;54;211;2
94173;60;3;0
94174;54;216;2
94174;60;3;0
94175;54;49;2
94175;60;14;0
94175;60;1;0
94175;60;9;0
94175;60;4;0
94175;60;5;0
94175;60;6;0
94176;54;109;2
94176;60;14;0
94176;60;1;0
94176;60;9;0
94176;60;4;0
94176;60;5;0
94176;60;6;0
94177;54;189;2
94177;60;14;0
94177;60;1;0
94177;60;9;0
94177;60;4;0
94177;60;5;0
94177;60;6;0
94178;54;201;2
94178;60;14;0
94178;60;1;0
94178;60;9;0
94178;60;4;0
94178;60;5;0
94178;60;6;0
94179;54;206;2
94179;60;14;0
94179;60;1;0
94179;60;9;0
94179;60;4;0
94179;60;5;0
94179;60;6;0
94180;54;49;2
94180;60;7;0
94180;60;11;0
94180;60;12;0
94180;60;10;0
94180;60;8;0
94180;60;5;0
94181;54;79;2
94181;60;7;0
94181;60;11;0
94181;60;12;0
94181;60;10;0
94181;60;8;0
94181;60;5;0
94182;54;119;2
94182;60;7;0
94182;60;11;0
94182;60;12;0
94182;60;10;0
94182;60;8;0
94182;60;5;0
94183;54;159;2
94183;60;7;0
94183;60;11;0
94183;60;12;0
94183;60;10;0
94183;60;8;0
94183;60;5;0
94184;54;199;2
94184;60;7;0
94184;60;11;0
94184;60;12;0
94184;60;10;0
94184;60;8;0
94184;60;5;0
94185;54;201;2
94185;60;7;0
94185;60;11;0
94185;60;12;0
94185;60;10;0
94185;60;8;0
94185;60;5;0
94186;54;204;2
94186;60;7;0
94186;60;11;0
94186;60;12;0
94186;60;10;0
94186;60;8;0
94186;60;5;0
94187;54;39;2
94187;60;10;0
94188;54;79;2
94188;60;10;0
94189;54;119;2
94189;60;10;0
94190;54;149;2
94190;60;10;0
94191;54;179;2
94191;60;10;0
94192;54;200;2
94192;60;10;0
94193;54;19;2
94193;60;12;0
94193;60;11;0
94194;54;49;2
94194;60;12;0
94194;60;11;0
94195;54;79;2
94195;60;12;0
94195;60;11;0
94196;54;109;2
94196;60;12;0
94196;60;11;0
94197;54;139;2
94197;60;12;0
94197;60;11;0
94198;54;179;2
94198;60;12;0
94198;60;11;0
94199;54;200;2
94199;60;12;0
94199;60;11;0
94200;54;202;2
94200;60;12;0
94200;60;11;0
94201;54;206;2
94201;60;12;0
94201;60;11;0
94202;54;209;2
94202;60;12;0
94202;60;11;0
94203;54;49;2
94203;60;8;0
94204;54;89;2
94204;60;8;0
94205;54;139;2
94205;60;8;0
94206;54;159;2
94206;60;8;0
94207;54;189;2
94207;60;8;0
94208;54;200;2
94208;60;8;0
94209;54;202;2
94209;60;8;0
94210;54;206;2
94210;60;8;0
94211;54;211;2
94211;60;8;0
94212;54;218;2
94212;60;8;0
94213;54;9;2
94213;60;15;0
94214;54;29;2
94214;60;15;0
94215;54;59;2
94215;60;15;0
94216;54;89;2
94216;60;15;0
94217;54;129;2
94217;60;15;0
94218;54;159;2
94218;60;15;0
94219;54;189;2
94219;60;15;0
94220;54;200;2
94220;60;15;0
94221;54;201;2
94221;60;15;0
94222;54;207;2
94222;60;15;0
94223;54;9;2
94223;60;12;0
94223;60;3;0
94223;60;10;0
94223;60;8;0
94223;60;6;0
94224;54;29;2
94224;60;12;0
94224;60;3;0
94224;60;10;0
94224;60;8;0
94224;60;6;0
94225;54;59;2
94225;60;12;0
94225;60;3;0
94225;60;10;0
94225;60;8;0
94225;60;6;0
94226;54;89;2
94226;60;12;0
94226;60;3;0
94226;60;10;0
94226;60;8;0
94226;60;6;0
94227;54;119;2
94227;60;12;0
94227;60;3;0
94227;60;10;0
94227;60;8;0
94227;60;6;0
94228;54;9;2
94228;60;7;0
94228;60;1;0
94228;60;4;0
94228;60;3;0
94228;60;10;0
94228;60;5;0
94229;54;9;2
94229;60;5;0
94230;54;29;2
94230;60;5;0
94231;54;69;2
94231;60;5;0
94232;54;99;2
94232;60;5;0
94233;54;129;2
94233;60;5;0
94234;54;159;2
94234;60;5;0
94235;54;199;2
94235;60;5;0
94236;54;202;2
94236;60;5;0
94237;54;207;2
94237;60;5;0
94238;54;212;2
94238;60;5;0
94239;54;19;2
94239;60;6;0
94240;54;69;2
94240;60;6;0
94241;54;109;2
94241;60;6;0
94242;54;149;2
94242;60;6;0
94243;54;199;2
94243;60;6;0
94244;54;205;2
94244;60;6;0
94245;54;49;2
94245;60;5;0
94246;54;99;2
94246;60;5;0
94247;54;159;2
94247;60;5;0
94248;54;200;2
94248;60;5;0
94249;54;202;2
94249;60;5;0
94250;54;217;2
94250;60;5;0
94251;54;19;2
94251;60;1;0
94251;60;4;0
94252;54;39;2
94252;60;1;0
94252;60;4;0
94253;54;59;2
94253;60;1;0
94253;60;4;0
94254;54;79;2
94254;60;1;0
94254;60;4;0
94255;54;99;2
94255;60;1;0
94255;60;4;0
94256;54;129;2
94256;60;1;0
94256;60;4;0
94257;54;159;2
94257;60;1;0
94257;60;4;0
94258;54;189;2
94258;60;1;0
94258;60;4;0
94259;54;200;2
94259;60;1;0
94259;60;4;0
94260;54;202;2
94260;60;1;0
94260;60;4;0
94261;54;19;2
94261;60;1;0
94262;54;49;2
94262;60;1;0
94263;54;69;2
94263;60;1;0
94264;54;89;2
94264;60;1;0
94265;54;109;2
94265;60;1;0
94266;54;129;2
94266;60;1;0
94267;54;169;2
94267;60;1;0
94268;54;200;2
94268;60;1;0
94269;54;202;2
94269;60;1;0
94270;54;204;2
94270;60;1;0
94271;54;69;2
94271;60;10;0
94272;54;89;2
94272;60;10;0
94273;54;129;2
94273;60;10;0
94274;54;149;2
94274;60;10;0
94275;54;159;2
94275;60;10;0
94276;54;179;2
94276;60;10;0
94277;54;199;2
94277;60;10;0
94278;54;203;2
94278;60;10;0
94279;54;208;2
94279;60;10;0
94280;54;210;2
94280;60;10;0
94281;54;19;2
94281;60;15;0
94282;54;39;2
94282;60;15;0
94283;54;59;2
94283;60;15;0
94284;54;99;2
94284;60;15;0
94285;54;129;2
94285;60;15;0
94286;54;149;2
94286;60;15;0
94287;54;159;2
94287;60;15;0
94288;54;199;2
94288;60;15;0
94289;54;201;2
94289;60;15;0
94290;54;202;2
94290;60;15;0
94291;54;9;2
94291;60;2;0
94292;54;39;2
94292;60;2;0
94293;54;69;2
94293;60;2;0
94294;54;99;2
94294;60;2;0
94295;54;129;2
94295;60;2;0
94296;54;179;2
94296;60;2;0
94297;54;200;2
94297;60;2;0
94298;54;202;2
94298;60;2;0
94299;54;204;2
94299;60;2;0
94300;54;209;2
94300;60;2;0
94301;54;9;2
94301;60;14;0
94302;54;29;2
94302;60;14;0
94303;54;59;2
94303;60;14;0
94304;54;99;2
94304;60;14;0
94305;54;129;2
94305;60;14;0
94306;54;159;2
94306;60;14;0
94307;54;199;2
94307;60;14;0
94308;54;200;2
94308;60;14;0
94309;54;202;2
94309;60;14;0
94310;54;205;2
94310;60;14;0
94311;54;39;2
94311;60;11;0
94311;60;12;0
94312;54;69;2
94312;60;11;0
94312;60;12;0
94313;54;109;2
94313;60;11;0
94313;60;12;0
94314;54;139;2
94314;60;11;0
94314;60;12;0
94315;54;179;2
94315;60;11;0
94315;60;12;0
94316;54;200;2
94316;60;11;0
94316;60;12;0
94317;54;202;2
94317;60;11;0
94317;60;12;0
94318;54;204;2
94318;60;11;0
94318;60;12;0
94319;54;207;2
94319;60;11;0
94319;60;12;0
94320;54;208;2
94320;60;11;0
94320;60;12;0
94321;54;29;2
94321;60;4;0
94322;54;59;2
94322;60;4;0
94323;54;99;2
94323;60;4;0
94324;54;169;2
94324;60;4;0
94325;54;59;2
94325;60;7;0
94325;60;3;0
94326;54;119;2
94326;60;7;0
94326;60;3;0
94327;54;179;2
94327;60;7;0
94327;60;3;0
94328;54;199;2
94328;60;7;0
94328;60;3;0
94329;54;9;2
94329;60;15;0
94330;54;39;2
94330;60;15;0
94331;54;59;2
94331;60;15;0
94332;54;89;2
94332;60;15;0
94333;54;119;2
94333;60;15;0
94334;54;149;2
94334;60;15;0
94335;54;169;2
94335;60;15;0
94336;54;189;2
94336;60;15;0
94337;54;200;2
94337;60;15;0
94338;54;203;2
94338;60;15;0
94339;54;19;2
94339;60;11;0
94339;60;12;0
94339;60;10;0
94339;60;8;0
94340;54;49;2
94340;60;11;0
94340;60;12;0
94340;60;10;0
94340;60;8;0
94341;54;89;2
94341;60;11;0
94341;60;12;0
94341;60;10;0
94341;60;8;0
94342;54;119;2
94342;60;11;0
94342;60;12;0
94342;60;10;0
94342;60;8;0
94343;54;149;2
94343;60;11;0
94343;60;12;0
94343;60;10;0
94343;60;8;0
94344;54;189;2
94344;60;11;0
94344;60;12;0
94344;60;10;0
94344;60;8;0
94345;54;201;2
94345;60;11;0
94345;60;12;0
94345;60;10;0
94345;60;8;0
94346;54;204;2
94346;60;11;0
94346;60;12;0
94346;60;10;0
94346;60;8;0
94347;54;209;2
94347;60;11;0
94347;60;12;0
94347;60;10;0
94347;60;8;0
94348;54;213;2
94348;60;11;0
94348;60;12;0
94348;60;10;0
94348;60;8;0
94349;54;159;2
94349;60;11;0
94350;54;179;2
94350;60;11;0
94351;54;199;2
94351;60;11;0
94352;54;202;2
94352;60;11;0
94353;54;208;2
94353;60;11;0
94354;54;214;2
94354;60;11;0
94355;54;69;2
94355;60;15;0
94355;60;14;0
94355;60;2;0
94355;60;4;0
94355;60;6;0
94356;54;89;2
94356;60;15;0
94356;60;14;0
94356;60;2;0
94356;60;4;0
94356;60;6;0
94357;54;129;2
94357;60;15;0
94357;60;14;0
94357;60;2;0
94357;60;4;0
94357;60;6;0
94358;54;159;2
94358;60;15;0
94358;60;14;0
94358;60;2;0
94358;60;4;0
94358;60;6;0
94359;54;179;2
94359;60;15;0
94359;60;14;0
94359;60;2;0
94359;60;4;0
94359;60;6;0
94360;54;199;2
94360;60;15;0
94360;60;14;0
94360;60;2;0
94360;60;4;0
94360;60;6;0
94361;54;200;2
94361;60;15;0
94361;60;14;0
94361;60;2;0
94361;60;4;0
94361;60;6;0
94362;54;203;2
94362;60;15;0
94362;60;14;0
94362;60;2;0
94362;60;4;0
94362;60;6;0
94363;54;206;2
94363;60;15;0
94363;60;14;0
94363;60;2;0
94363;60;4;0
94363;60;6;0
94364;54;211;2
94364;60;15;0
94364;60;14;0
94364;60;2;0
94364;60;4;0
94364;60;6;0
94365;54;29;2
94366;54;59;2
94367;54;89;2
94368;54;109;2
94369;54;129;2
94370;54;199;2
94371;54;202;2
94372;54;206;2
94373;54;79;2
94373;60;6;0
94374;54;139;2
94374;60;6;0
94375;54;199;2
94375;60;6;0
94376;54;19;2
94376;60;15;0
94377;54;59;2
94377;60;15;0
94378;54;89;2
94378;60;15;0
94379;54;129;2
94379;60;15;0
94380;54;159;2
94380;60;15;0
94381;54;199;2
94381;60;15;0
94382;54;204;2
94382;60;15;0
94383;54;9;2
94383;60;15;0
94384;54;29;2
94384;60;15;0
94385;54;59;2
94385;60;15;0
94386;54;89;2
94386;60;15;0
94387;54;119;2
94387;60;15;0
94388;54;149;2
94388;60;15;0
94389;54;169;2
94389;60;15;0
94390;54;189;2
94390;60;15;0
94391;54;200;2
94391;60;15;0
94392;54;202;2
94392;60;15;0
94393;54;9;2
94393;60;14;0
94396;54;29;2
94396;60;14;0
94397;54;49;2
94397;60;14;0
94398;54;69;2
94398;60;14;0
94399;54;89;2
94399;60;14;0
94400;54;109;2
94400;60;14;0
94401;54;129;2
94401;60;14;0
94402;54;149;2
94402;60;14;0
94403;54;199;2
94403;60;14;0
94404;54;205;2
94404;60;14;0
94405;54;179;2
94405;60;9;0
94405;60;6;0
94406;54;200;2
94406;60;9;0
94406;60;6;0
94407;54;203;2
94407;60;9;0
94407;60;6;0
94408;54;208;2
94408;60;9;0
94408;60;6;0
94409;54;149;2
94410;54;200;2
94411;54;200;2
94412;54;209;2
94413;54;202;2
94413;60;12;0
94414;54;149;2
95241;54;39;2
95241;60;7;0
95241;60;1;0
95241;60;4;0
95241;60;3;0
95241;60;10;0
95241;60;5;0
95242;54;69;2
95242;60;7;0
95242;60;1;0
95242;60;4;0
95242;60;3;0
95242;60;10;0
95242;60;5;0
95243;54;99;2
95243;60;7;0
95243;60;1;0
95243;60;4;0
95243;60;3;0
95243;60;10;0
95243;60;5;0
95244;54;129;2
95244;60;7;0
95244;60;1;0
95244;60;4;0
95244;60;3;0
95244;60;10;0
95244;60;5;0
95245;54;149;2
95245;60;1;0
95245;60;3;0
95245;60;10;0
95246;54;179;2
95246;60;1;0
95246;60;3;0
95246;60;10;0
95247;54;200;2
95247;60;1;0
95247;60;3;0
95247;60;10;0
95248;54;149;2
95248;60;1;0
95248;60;3;0
95248;60;10;0
95249;54;179;2
95249;60;1;0
95249;60;3;0
95249;60;10;0
95250;54;200;2
95250;60;1;0
95250;60;3;0
95250;60;10;0
95251;54;202;2
95251;60;1;0
95252;54;204;2
95252;60;1;0
96194;54;189;2
96194;60;1;0
96194;60;5;0
96195;54;200;2
96195;60;1;0
96195;60;5;0
96196;54;203;2
96196;60;1;0
96196;60;5;0
96197;54;149;2
96197;60;12;0
96197;60;3;0
96197;60;10;0
96197;60;8;0
96197;60;6;0
96198;54;179;2
96198;60;12;0
96198;60;3;0
96198;60;10;0
96198;60;8;0
96198;60;6;0
96199;54;200;2
96199;60;12;0
96199;60;3;0
96199;60;10;0
96199;60;8;0
96199;60;6;0
96200;54;202;2
96200;60;12;0
96200;60;3;0
96200;60;10;0
96200;60;8;0
96200;60;6;0
96201;54;204;2
96201;60;12;0
96201;60;3;0
96201;60;10;0
96201;60;8;0
96201;60;6;0
96202;54;9;2
96202;60;7;0
96202;60;1;0
96202;60;3;0
96203;54;29;2
96203;60;7;0
96203;60;1;0
96203;60;3;0
96204;54;59;2
96204;60;7;0
96204;60;1;0
96204;60;3;0
96205;54;89;2
96205;60;7;0
96205;60;1;0
96205;60;3;0
96206;54;119;2
96206;60;7;0
96206;60;1;0
96206;60;3;0
96207;54;139;2
96207;60;7;0
96207;60;1;0
96207;60;3;0
96208;54;159;2
96208;60;7;0
96208;60;1;0
96208;60;3;0
96209;54;179;2
96209;60;7;0
96209;60;1;0
96209;60;3;0
96210;54;199;2
96210;60;7;0
96210;60;1;0
96210;60;3;0
96211;54;201;2
96211;60;7;0
96211;60;1;0
96211;60;3;0
99710;54;29;2
99710;60;11;0
99711;54;59;2
99711;60;11;0
99712;54;89;2
99712;60;11;0
99713;54;129;2
99713;60;11;0
99714;54;169;2
99714;60;11;0
99715;54;199;2
99715;60;11;0
99716;54;202;2
99716;60;11;0
99717;54;208;2
99717;60;11;0
99718;54;213;2
99718;60;11;0
99719;54;217;2
99719;60;11;0
99720;54;49;2
99720;60;4;0
99721;54;69;2
99721;60;4;0
99722;54;89;2
99722;60;4;0
99723;54;109;2
99723;60;4;0
99724;54;139;2
99724;60;4;0
99725;54;159;2
99725;60;4;0
99726;54;189;2
99726;60;4;0
99727;54;200;2
99727;60;4;0
99728;54;208;2
99728;60;4;0
99729;54;214;2
99729;60;4;0
99730;54;29;2
99730;60;8;0
99731;54;59;2
99731;60;8;0
99732;54;89;2
99732;60;8;0
99733;54;109;2
99733;60;8;0
99734;54;139;2
99734;60;8;0
99735;54;159;2
99735;60;8;0
99736;54;189;2
99736;60;8;0
99737;54;200;2
99737;60;8;0
99738;54;204;2
99738;60;8;0
99739;54;207;2
99739;60;8;0
100966;54;109;2
100966;60;12;0
100966;60;9;0
100967;54;139;2
100967;60;12;0
100967;60;9;0
100968;54;169;2
100968;60;12;0
100968;60;9;0
100969;54;199;2
100969;60;12;0
100969;60;9;0
100970;54;200;2
100970;60;12;0
100970;60;9;0
100971;54;202;2
100971;60;12;0
100971;60;9;0
100973;54;19;2
100973;60;14;0
100973;60;9;0
100974;54;49;2
100974;60;14;0
100974;60;9;0
100975;54;69;2
100975;60;14;0
100975;60;9;0
100976;54;99;2
100976;60;14;0
100976;60;9;0
100977;54;129;2
100977;60;14;0
100977;60;9;0
100978;54;159;2
100978;60;14;0
100978;60;9;0
100979;54;179;2
100979;60;14;0
100979;60;9;0
100980;54;200;2
100980;60;14;0
100980;60;9;0
100981;54;203;2
100981;60;14;0
100981;60;9;0
100982;54;208;2
100982;60;14;0
100982;60;9;0
100983;54;9;2
100983;60;9;0
100984;54;29;2
100984;60;9;0
100985;54;49;2
100985;60;9;0
100986;54;79;2
100986;60;9;0
100987;54;109;2
100987;60;9;0
100988;54;139;2
100988;60;9;0
100989;54;169;2
100989;60;9;0
100990;54;199;2
100990;60;9;0
100991;54;200;2
100991;60;9;0
100992;54;202;2
100992;60;9;0
101980;54;209;2
101980;60;11;0
101980;60;12;0
101980;60;10;0
101980;60;8;0
101981;54;212;2
101981;60;11;0
101981;60;12;0
101981;60;10;0
101981;60;8;0
101982;54;215;2
101982;60;11;0
101982;60;12;0
101982;60;10;0
101982;60;8;0
102681;54;79;2
102681;60;6;0
102682;54;139;2
102682;60;6;0
102683;54;199;2
102683;60;6;0
105654;54;79;2
105654;60;8;0
105655;54;139;2
105655;60;8;0
105656;54;189;2
105656;60;8;0
105657;54;202;2
105657;60;8;0
105658;54;208;2
105658;60;8;0
108164;54;39;2
108164;60;4;0
108165;54;69;2
108165;60;4;0
108166;54;99;2
108166;60;4;0
108167;54;129;2
108167;60;4;0
108168;54;159;2
108168;60;4;0
108169;54;199;2
108169;60;4;0
108170;54;204;2
108170;60;4;0
108171;54;206;2
108171;60;4;0
108172;54;211;2
108172;60;4;0
108173;54;218;2
108173;60;4;0
110277;54;14;2
110278;54;74;2
110324;54;14;2
110324;60;15;0
110325;54;14;2
110325;60;15;0
110326;54;54;2
110326;60;15;0
110327;54;54;2
110327;60;15;0
110328;54;54;2
110328;60;15;0
110329;54;104;2
110329;60;15;0
110330;54;104;2
110330;60;15;0
110331;54;144;2
110331;60;15;0
110332;54;204;2
110332;60;15;0
110333;54;209;2
110333;60;15;0
110336;54;14;2
110336;60;10;0
110337;54;14;2
110337;60;10;0
110338;54;54;2
110338;60;10;0
110339;54;54;2
110339;60;10;0
110340;54;54;2
110340;60;10;0
110341;54;104;2
110341;60;10;0
110342;54;104;2
110342;60;10;0
110343;54;144;2
110343;60;10;0
110344;54;204;2
110344;60;10;0
110345;54;209;2
110345;60;10;0
110355;54;14;2
110355;60;1;0
110356;54;14;2
110356;60;1;0
110357;54;54;2
110357;60;1;0
110358;54;54;2
110358;60;1;0
110359;54;54;2
110359;60;1;0
110360;54;104;2
110360;60;1;0
110361;54;104;2
110361;60;1;0
110362;54;144;2
110362;60;1;0
110363;54;204;2
110363;60;1;0
110364;54;209;2
110364;60;1;0
110381;54;14;2
110381;60;7;0
110382;54;14;2
110382;60;7;0
110383;54;54;2
110383;60;7;0
110384;54;54;2
110384;60;7;0
110385;54;54;2
110385;60;7;0
110386;54;104;2
110386;60;7;0
110387;54;104;2
110387;60;7;0
110388;54;144;2
110388;60;7;0
110389;54;204;2
110389;60;7;0
110390;54;209;2
110390;60;7;0
110637;54;14;2
110637;60;2;0
110638;54;14;2
110638;60;2;0
110639;54;54;2
110639;60;2;0
110640;54;54;2
110640;60;2;0
110641;54;54;2
110641;60;2;0
110642;54;104;2
110642;60;2;0
110643;54;104;2
110643;60;2;0
110644;54;144;2
110644;60;2;0
110645;54;204;2
110645;60;2;0
110646;54;209;2
110646;60;2;0
110804;54;14;2
110804;60;4;0
110805;54;14;2
110805;60;4;0
110806;54;54;2
110806;60;4;0
110807;54;54;2
110807;60;4;0
110808;54;54;2
110808;60;4;0
110809;54;104;2
110809;60;4;0
110810;54;104;2
110810;60;4;0
110811;54;144;2
110811;60;4;0
110812;54;204;2
110812;60;4;0
110813;54;209;2
110813;60;4;0
112050;54;14;2
112050;60;11;0
112051;54;14;2
112051;60;11;0
112052;54;54;2
112052;60;11;0
112053;54;54;2
112053;60;11;0
112054;54;54;2
112054;60;11;0
112055;54;104;2
112055;60;11;0
112056;54;104;2
112056;60;11;0
112057;54;144;2
112057;60;11;0
112058;54;204;2
112058;60;11;0
112059;54;209;2
112059;60;11;0
112553;54;14;2
112553;60;9;0
112554;54;14;2
112554;60;9;0
112555;54;54;2
112555;60;9;0
112556;54;54;2
112556;60;9;0
112557;54;54;2
112557;60;9;0
112558;54;104;2
112558;60;9;0
112559;54;104;2
112559;60;9;0
112560;54;144;2
112560;60;9;0
112561;54;204;2
112561;60;9;0
112562;54;209;2
112562;60;9;0
112586;54;14;2
112586;60;6;0
112587;54;14;2
112587;60;6;0
112588;54;54;2
112588;60;6;0
112589;54;54;2
112589;60;6;0
112590;54;54;2
112590;60;6;0
112591;54;104;2
112591;60;6;0
112592;54;104;2
112592;60;6;0
112593;54;144;2
112593;60;6;0
112594;54;204;2
112594;60;6;0
112595;54;209;2
112595;60;6;0
112610;54;14;2
112610;60;5;0
112611;54;14;2
112611;60;5;0
112612;54;54;2
112612;60;5;0
112613;54;54;2
112613;60;5;0
112614;54;54;2
112614;60;5;0
112615;54;104;2
112615;60;5;0
112616;54;104;2
112616;60;5;0
112617;54;144;2
112617;60;5;0
112618;54;204;2
112618;60;5;0
112619;54;209;2
112619;60;5;0
113089;54;14;2
113089;60;8;0
113090;54;14;2
113090;60;8;0
113091;54;54;2
113091;60;8;0
113092;54;54;2
113092;60;8;0
113093;54;54;2
113093;60;8;0
113094;54;104;2
113094;60;8;0
113095;54;104;2
113095;60;8;0
113096;54;144;2
113096;60;8;0
113097;54;204;2
113097;60;8;0
113098;54;209;2
113098;60;8;0
113112;54;14;2
113112;60;3;0
113113;54;14;2
113113;60;3;0
113114;54;54;2
113114;60;3;0
113115;54;54;2
113115;60;3;0
113116;54;54;2
113116;60;3;0
113117;54;104;2
113117;60;3;0
113118;54;104;2
113118;60;3;0
113119;54;144;2
113119;60;3;0
113120;54;204;2
113120;60;3;0
113121;54;209;2
113121;60;3;0
113323;54;14;2
113323;60;12;0
113324;54;14;2
113324;60;12;0
113325;54;54;2
113325;60;12;0
113326;54;54;2
113326;60;12;0
113327;54;54;2
113327;60;12;0
113328;54;104;2
113328;60;12;0
113329;54;104;2
113329;60;12;0
113330;54;144;2
113330;60;12;0
113331;54;204;2
113331;60;12;0
113332;54;209;2
113332;60;12;0
113342;54;14;2
113342;60;14;0
113343;54;14;2
113343;60;14;0
113344;54;54;2
113344;60;14;0
113345;54;54;2
113345;60;14;0
113346;54;54;2
113346;60;14;0
113347;54;104;2
113347;60;14;0
113348;54;104;2
113348;60;14;0
113349;54;144;2
113349;60;14;0
113350;54;204;2
113350;60;14;0
113351;54;209;2
113351;60;14;0
113360;54;24;2
113360;60;12;0
113360;60;5;0
113360;60;2;0
113361;54;24;2
113361;60;12;0
113361;60;5;0
113361;60;2;0
113362;54;24;2
113362;60;12;0
113362;60;5;0
113362;60;2;0
113363;54;24;2
113363;60;12;0
113363;60;5;0
113363;60;2;0
113364;54;24;2
113364;60;12;0
113364;60;5;0
113364;60;2;0
113365;54;24;2
113365;60;12;0
113365;60;5;0
113365;60;2;0
113374;54;24;2
113375;54;24;2
113376;54;24;2
113377;54;24;2
113378;54;24;2
113379;54;84;2
113380;54;84;2
113381;54;84;2
113382;54;84;2
113383;54;194;2
113386;54;14;2
113386;60;3;0
113386;60;15;0
113386;60;9;0
113386;60;6;0
113387;54;24;2
113387;60;3;0
113387;60;15;0
113387;60;9;0
113387;60;6;0
113388;54;54;2
113388;60;3;0
113388;60;15;0
113388;60;9;0
113388;60;6;0
113389;54;84;2
113389;60;15;0
113389;60;9;0
113389;60;6;0
113390;54;104;2
113390;60;15;0
113390;60;9;0
113390;60;6;0
113391;54;124;2
113391;60;15;0
113391;60;9;0
113391;60;6;0
113395;54;24;2
113395;60;7;0
113395;60;4;0
113395;60;3;0
113396;54;24;2
113396;60;7;0
113396;60;4;0
113396;60;3;0
113397;54;24;2
113397;60;7;0
113397;60;4;0
113397;60;3;0
113398;54;24;2
113398;60;7;0
113398;60;4;0
113398;60;3;0
113399;54;24;2
113399;60;7;0
113399;60;4;0
113399;60;3;0
113400;54;24;2
113400;60;7;0
113400;60;4;0
113400;60;3;0
113401;54;24;2
113401;60;7;0
113401;60;4;0
113401;60;3;0
113402;54;24;2
113402;60;7;0
113402;60;4;0
113402;60;3;0
113405;54;24;2
113405;60;12;0
113405;60;11;0
113405;60;10;0
113405;60;5;0
113405;60;7;0
113405;60;4;0
113405;60;3;0
113406;54;24;2
113406;60;12;0
113406;60;11;0
113406;60;10;0
113406;60;5;0
113406;60;7;0
113406;60;4;0
113406;60;3;0
113407;54;24;2
113407;60;12;0
113407;60;11;0
113407;60;10;0
113407;60;5;0
113407;60;7;0
113407;60;4;0
113407;60;3;0
113408;54;24;2
113408;60;12;0
113408;60;11;0
113408;60;10;0
113408;60;5;0
113408;60;7;0
113408;60;4;0
113408;60;3;0
113409;54;24;2
113409;60;12;0
113409;60;11;0
113409;60;10;0
113409;60;5;0
113409;60;7;0
113409;60;4;0
113409;60;3;0
113410;54;24;2
113410;60;12;0
113410;60;11;0
113410;60;10;0
113410;60;5;0
113410;60;7;0
113410;60;4;0
113410;60;3;0
113411;54;24;2
113411;60;12;0
113411;60;11;0
113411;60;10;0
113411;60;5;0
113411;60;7;0
113411;60;4;0
113411;60;3;0
113412;54;24;2
113412;60;12;0
113412;60;11;0
113412;60;10;0
113412;60;5;0
113412;60;7;0
113412;60;4;0
113412;60;3;0
113415;54;14;2
113416;54;24;2
113417;54;54;2
113418;54;84;2
113419;54;104;2
113420;54;124;2
113423;4;4;0
113423;54;4;2
113424;4;4;0
113424;54;14;2
113425;4;4;0
113425;54;34;2
113426;4;4;0
113426;54;54;2
113427;4;4;0
113427;54;54;2
113428;4;4;0
113428;54;54;2
113429;4;4;0
113429;54;114;2
113430;4;4;0
113430;54;114;2
113431;4;4;0
113431;54;201;2
113432;4;4;0
113432;54;206;2
113437;4;4;0
113437;54;4;2
113438;4;4;0
113438;54;14;2
113439;4;4;0
113439;54;34;2
113440;4;4;0
113440;54;54;2
113441;4;4;0
113441;54;54;2
113442;4;4;0
113442;54;54;2
113443;4;4;0
113443;54;114;2
113444;4;4;0
113444;54;114;2
113445;4;4;0
113445;54;201;2
113446;4;4;0
113446;54;206;2
113449;4;2;0
113449;54;4;2
113450;4;2;0
113450;54;14;2
113451;4;2;0
113451;54;34;2
113452;4;2;0
113452;54;54;2
113453;4;2;0
113453;54;54;2
113454;4;2;0
113454;54;54;2
113455;4;2;0
113455;54;114;2
113456;4;2;0
113456;54;114;2
113457;4;2;0
113457;54;201;2
113458;4;2;0
113458;54;206;2
113461;4;2;0
113461;54;4;2
113462;4;2;0
113462;54;14;2
113463;4;2;0
113463;54;34;2
113464;4;2;0
113464;54;54;2
113465;4;2;0
113465;54;54;2
113466;4;2;0
113466;54;54;2
113467;4;2;0
113467;54;114;2
113468;4;2;0
113468;54;114;2
113469;4;2;0
113469;54;201;2
113470;4;2;0
113470;54;206;2
113476;4;3;0
113476;54;4;2
113477;4;3;0
113477;54;14;2
113478;4;3;0
113478;54;34;2
113479;4;3;0
113479;54;54;2
113480;4;3;0
113480;54;54;2
113481;4;3;0
113481;54;54;2
113482;4;3;0
113482;54;114;2
113483;4;3;0
113483;54;114;2
113484;4;3;0
113484;54;201;2
113485;4;3;0
113485;54;206;2
113502;4;3;0
113502;54;4;2
113503;4;3;0
113503;54;14;2
113504;4;3;0
113504;54;34;2
113505;4;3;0
113505;54;54;2
113506;4;3;0
113506;54;54;2
113507;4;3;0
113507;54;54;2
113508;4;3;0
113508;54;114;2
113509;4;3;0
113509;54;114;2
113510;4;3;0
113510;54;201;2
113511;4;3;0
113511;54;206;2
113514;4;1;0
113514;54;4;2
113515;4;1;0
113515;54;14;2
113516;4;1;0
113516;54;34;2
113517;4;1;0
113517;54;54;2
113518;4;1;0
113518;54;54;2
113519;4;1;0
113519;54;54;2
113520;4;1;0
113520;54;114;2
113521;4;1;0
113521;54;114;2
113522;4;1;0
113522;54;201;2
113523;4;1;0
113523;54;206;2
113526;4;1;0
113526;54;4;2
113527;4;1;0
113527;54;14;2
113528;4;1;0
113528;54;34;2
113529;4;1;0
113529;54;54;2
113530;4;1;0
113530;54;54;2
113531;4;1;0
113531;54;54;2
113532;4;1;0
113532;54;114;2
113533;4;1;0
113533;54;114;2
113534;4;1;0
113534;54;201;2
113535;4;1;0
113535;54;206;2
113538;54;24;2
113539;54;24;2
113540;54;24;2
113541;54;24;2
113542;54;69;2
113543;54;69;2
113544;54;94;2
113545;54;94;2
113546;54;164;2
113547;54;206;2
113550;54;24;2
113551;54;24;2
113552;54;24;2
113553;54;24;2
113554;54;69;2
113555;54;69;2
113556;54;94;2
113557;54;94;2
113558;54;164;2
113559;54;206;2
113562;54;24;2
113563;54;24;2
113564;54;24;2
113565;54;24;2
113566;54;69;2
113567;54;69;2
113568;54;94;2
113569;54;94;2
113570;54;164;2
113571;54;206;2
113574;54;24;2
113575;54;24;2
113576;54;24;2
113577;54;24;2
113578;54;69;2
113579;54;69;2
113580;54;94;2
113581;54;94;2
113582;54;164;2
113583;54;206;2
113586;54;24;2
113587;54;24;2
113588;54;24;2
113589;54;24;2
113590;54;69;2
113591;54;69;2
113592;54;94;2
113593;54;94;2
113594;54;164;2
113595;54;206;2
113600;54;24;2
113601;54;24;2
113602;54;24;2
113603;54;24;2
113604;54;69;2
113605;54;69;2
113606;54;124;2
113607;54;164;2
114147;54;84;2
114147;60;12;0
114147;60;5;0
114147;60;2;0
114148;54;84;2
114148;60;12;0
114148;60;5;0
114148;60;2;0
114149;54;84;2
114149;60;12;0
114149;60;5;0
114149;60;2;0
114150;54;194;2
114150;60;12;0
114150;60;5;0
114150;60;2;0
114645;54;149;2
115536;54;10;2
115536;60;7;0
115537;54;50;2
115537;60;7;0
115538;54;100;2
115538;60;7;0
115539;54;10;2
115539;60;7;0
115540;54;50;2
115540;60;7;0
115541;54;100;2
115541;60;7;0
115778;54;0;2
115778;60;6;0
115779;54;49;2
115779;60;6;0
115780;54;74;2
115780;60;6;0
115781;54;99;2
115781;60;6;0
115782;54;124;2
115782;60;6;0
115783;54;149;2
115783;60;6;0
115784;54;174;2
115784;60;6;0
115785;54;189;2
115785;60;6;0
115786;54;189;2
115786;60;6;0
115787;54;199;2
115787;60;6;0
115803;54;0;2
115803;60;6;0
115804;54;49;2
115804;60;6;0
115805;54;74;2
115805;60;6;0
115806;54;99;2
115806;60;6;0
115807;54;124;2
115807;60;6;0
115808;54;149;2
115808;60;6;0
115809;54;174;2
115809;60;6;0
115810;54;189;2
115810;60;6;0
115811;54;189;2
115811;60;6;0
115812;54;199;2
115812;60;6;0
115813;54;0;2
115813;60;6;0
115814;54;49;2
115814;60;6;0
115815;54;74;2
115815;60;6;0
115816;54;99;2
115816;60;6;0
115817;54;124;2
115817;60;6;0
115818;54;149;2
115818;60;6;0
115819;54;174;2
115819;60;6;0
115820;54;189;2
115820;60;6;0
115821;54;189;2
115821;60;6;0
115822;54;199;2
115822;60;6;0
115823;54;0;2
115823;60;6;0
115824;54;49;2
115824;60;6;0
115825;54;74;2
115825;60;6;0
115826;54;99;2
115826;60;6;0
115827;54;124;2
115827;60;6;0
115828;54;149;2
115828;60;6;0
115829;54;174;2
115829;60;6;0
115830;54;189;2
115830;60;6;0
115831;54;189;2
115831;60;6;0
115832;54;199;2
115832;60;6;0
115833;54;0;2
115833;60;6;0
115834;54;49;2
115834;60;6;0
115835;54;74;2
115835;60;6;0
115836;54;99;2
115836;60;6;0
115837;54;124;2
115837;60;6;0
115838;54;149;2
115838;60;6;0
115839;54;174;2
115839;60;6;0
115840;54;189;2
115840;60;6;0
115841;54;189;2
115841;60;6;0
115842;54;199;2
115842;60;6;0
115843;54;0;2
115843;60;6;0
115844;54;49;2
115844;60;6;0
115845;54;74;2
115845;60;6;0
115846;54;99;2
115846;60;6;0
115847;54;124;2
115847;60;6;0
115848;54;149;2
115848;60;6;0
115849;54;174;2
115849;60;6;0
115850;54;189;2
115850;60;6;0
115851;54;189;2
115851;60;6;0
115852;54;199;2
115852;60;6;0
115853;54;0;2
115853;60;6;0
115854;54;49;2
115854;60;6;0
115855;54;74;2
115855;60;6;0
115856;54;99;2
115856;60;6;0
115857;54;124;2
115857;60;6;0
115858;54;149;2
115858;60;6;0
115859;54;174;2
115859;60;6;0
115860;54;189;2
115860;60;6;0
115861;54;189;2
115861;60;6;0
115862;54;199;2
115862;60;6;0
115863;54;0;2
115863;60;5;0
115864;54;49;2
115864;60;5;0
115865;54;74;2
115865;60;5;0
115866;54;99;2
115866;60;5;0
115867;54;124;2
115867;60;5;0
115868;54;149;2
115868;60;5;0
115869;54;174;2
115869;60;5;0
115870;54;189;2
115870;60;5;0
115871;54;189;2
115871;60;5;0
115872;54;199;2
115872;60;5;0
115873;54;0;2
115873;60;5;0
115874;54;49;2
115874;60;5;0
115875;54;74;2
115875;60;5;0
115876;54;99;2
115876;60;5;0
115877;54;124;2
115877;60;5;0
115878;54;149;2
115878;60;5;0
115879;54;174;2
115879;60;5;0
115880;54;189;2
115880;60;5;0
115881;54;189;2
115881;60;5;0
115882;54;199;2
115882;60;5;0
115883;54;0;2
115883;60;5;0
115884;54;49;2
115884;60;5;0
115885;54;74;2
115885;60;5;0
115886;54;99;2
115886;60;5;0
115887;54;124;2
115887;60;5;0
115888;54;149;2
115888;60;5;0
115889;54;174;2
115889;60;5;0
115890;54;189;2
115890;60;5;0
115891;54;189;2
115891;60;5;0
115892;54;199;2
115892;60;5;0
115893;54;0;2
115893;60;5;0
115894;54;49;2
115894;60;5;0
115895;54;74;2
115895;60;5;0
115896;54;99;2
115896;60;5;0
115897;54;124;2
115897;60;5;0
115898;54;149;2
115898;60;5;0
115899;54;174;2
115899;60;5;0
115900;54;189;2
115900;60;5;0
115901;54;189;2
115901;60;5;0
115902;54;199;2
115902;60;5;0
115903;54;0;2
115903;60;5;0
115904;54;49;2
115904;60;5;0
115905;54;74;2
115905;60;5;0
115906;54;99;2
115906;60;5;0
115907;54;124;2
115907;60;5;0
115908;54;149;2
115908;60;5;0
115909;54;174;2
115909;60;5;0
115910;54;189;2
115910;60;5;0
115911;54;189;2
115911;60;5;0
115912;54;199;2
115912;60;5;0
115913;54;0;2
115913;60;5;0
115914;54;49;2
115914;60;5;0
115915;54;74;2
115915;60;5;0
115916;54;99;2
115916;60;5;0
115917;54;124;2
115917;60;5;0
115918;54;149;2
115918;60;5;0
115919;54;174;2
115919;60;5;0
115920;54;189;2
115920;60;5;0
115921;54;189;2
115921;60;5;0
115922;54;199;2
115922;60;5;0
115923;54;0;2
115923;60;5;0
115924;54;49;2
115924;60;5;0
115925;54;74;2
115925;60;5;0
115926;54;99;2
115926;60;5;0
115927;54;124;2
115927;60;5;0
115928;54;149;2
115928;60;5;0
115929;54;174;2
115929;60;5;0
115930;54;189;2
115930;60;5;0
115931;54;189;2
115931;60;5;0
115932;54;199;2
115932;60;5;0
115963;54;0;2
115963;60;8;0
115964;54;49;2
115964;60;8;0
115965;54;74;2
115965;60;8;0
115966;54;99;2
115966;60;8;0
115967;54;124;2
115967;60;8;0
115968;54;149;2
115968;60;8;0
115969;54;174;2
115969;60;8;0
115970;54;189;2
115970;60;8;0
115971;54;189;2
115971;60;8;0
115972;54;199;2
115972;60;8;0
115973;54;0;2
115973;60;8;0
115974;54;49;2
115974;60;8;0
115975;54;74;2
115975;60;8;0
115976;54;99;2
115976;60;8;0
115977;54;124;2
115977;60;8;0
115978;54;149;2
115978;60;8;0
115979;54;174;2
115979;60;8;0
115980;54;189;2
115980;60;8;0
115981;54;189;2
115981;60;8;0
115982;54;199;2
115982;60;8;0
115983;54;0;2
115983;60;8;0
115984;54;49;2
115984;60;8;0
115985;54;74;2
115985;60;8;0
115986;54;99;2
115986;60;8;0
115987;54;124;2
115987;60;8;0
115988;54;149;2
115988;60;8;0
115989;54;174;2
115989;60;8;0
115990;54;189;2
115990;60;8;0
115991;54;189;2
115991;60;8;0
115992;54;199;2
115992;60;8;0
115993;54;0;2
115993;60;8;0
115994;54;49;2
115994;60;8;0
115995;54;74;2
115995;60;8;0
115996;54;99;2
115996;60;8;0
115997;54;124;2
115997;60;8;0
115998;54;149;2
115998;60;8;0
115999;54;174;2
115999;60;8;0
116000;54;189;2
116000;60;8;0
116001;54;189;2
116001;60;8;0
116002;54;199;2
116002;60;8;0
116003;54;0;2
116003;60;8;0
116004;54;49;2
116004;60;8;0
116005;54;74;2
116005;60;8;0
116006;54;99;2
116006;60;8;0
116007;54;124;2
116007;60;8;0
116008;54;149;2
116008;60;8;0
116009;54;174;2
116009;60;8;0
116010;54;189;2
116010;60;8;0
116011;54;189;2
116011;60;8;0
116012;54;199;2
116012;60;8;0
116013;54;0;2
116013;60;8;0
116014;54;49;2
116014;60;8;0
116015;54;74;2
116015;60;8;0
116016;54;99;2
116016;60;8;0
116017;54;124;2
116017;60;8;0
116018;54;149;2
116018;60;8;0
116019;54;174;2
116019;60;8;0
116020;54;189;2
116020;60;8;0
116021;54;189;2
116021;60;8;0
116022;54;199;2
116022;60;8;0
116023;54;0;2
116023;60;8;0
116024;54;49;2
116024;60;8;0
116025;54;74;2
116025;60;8;0
116026;54;99;2
116026;60;8;0
116027;54;124;2
116027;60;8;0
116028;54;149;2
116028;60;8;0
116029;54;174;2
116029;60;8;0
116030;54;189;2
116030;60;8;0
116031;54;189;2
116031;60;8;0
116032;54;199;2
116032;60;8;0
116033;54;0;2
116033;60;10;0
116034;54;49;2
116034;60;10;0
116035;54;74;2
116035;60;10;0
116036;54;99;2
116036;60;10;0
116037;54;124;2
116037;60;10;0
116038;54;149;2
116038;60;10;0
116039;54;174;2
116039;60;10;0
116040;54;189;2
116040;60;10;0
116041;54;189;2
116041;60;10;0
116042;54;199;2
116042;60;10;0
116043;54;0;2
116043;60;10;0
116044;54;49;2
116044;60;10;0
116045;54;74;2
116045;60;10;0
116046;54;99;2
116046;60;10;0
116047;54;124;2
116047;60;10;0
116048;54;149;2
116048;60;10;0
116049;54;174;2
116049;60;10;0
116050;54;189;2
116050;60;10;0
116051;54;189;2
116051;60;10;0
116052;54;199;2
116052;60;10;0
116053;54;0;2
116053;60;10;0
116054;54;49;2
116054;60;10;0
116055;54;74;2
116055;60;10;0
116056;54;99;2
116056;60;10;0
116057;54;124;2
116057;60;10;0
116058;54;149;2
116058;60;10;0
116059;54;174;2
116059;60;10;0
116060;54;189;2
116060;60;10;0
116061;54;189;2
116061;60;10;0
116062;54;199;2
116062;60;10;0
116063;54;0;2
116063;60;10;0
116064;54;49;2
116064;60;10;0
116065;54;74;2
116065;60;10;0
116066;54;99;2
116066;60;10;0
116067;54;124;2
116067;60;10;0
116068;54;149;2
116068;60;10;0
116069;54;174;2
116069;60;10;0
116070;54;189;2
116070;60;10;0
116071;54;189;2
116071;60;10;0
116072;54;199;2
116072;60;10;0
116073;54;0;2
116073;60;10;0
116074;54;49;2
116074;60;10;0
116075;54;74;2
116075;60;10;0
116076;54;99;2
116076;60;10;0
116077;54;124;2
116077;60;10;0
116078;54;149;2
116078;60;10;0
116079;54;174;2
116079;60;10;0
116080;54;189;2
116080;60;10;0
116081;54;189;2
116081;60;10;0
116082;54;199;2
116082;60;10;0
116083;54;0;2
116083;60;10;0
116084;54;49;2
116084;60;10;0
116085;54;74;2
116085;60;10;0
116086;54;99;2
116086;60;10;0
116087;54;124;2
116087;60;10;0
116088;54;149;2
116088;60;10;0
116089;54;174;2
116089;60;10;0
116090;54;189;2
116090;60;10;0
116091;54;189;2
116091;60;10;0
116092;54;199;2
116092;60;10;0
116093;54;0;2
116093;60;10;0
116094;54;49;2
116094;60;10;0
116095;54;74;2
116095;60;10;0
116096;54;99;2
116096;60;10;0
116097;54;124;2
116097;60;10;0
116098;54;149;2
116098;60;10;0
116099;54;174;2
116099;60;10;0
116100;54;189;2
116100;60;10;0
116101;54;189;2
116101;60;10;0
116102;54;199;2
116102;60;10;0
116105;54;0;2
116105;60;9;0
116106;54;49;2
116106;60;9;0
116107;54;74;2
116107;60;9;0
116108;54;99;2
116108;60;9;0
116109;54;124;2
116109;60;9;0
116110;54;149;2
116110;60;9;0
116111;54;174;2
116111;60;9;0
116112;54;189;2
116112;60;9;0
116113;54;189;2
116113;60;9;0
116114;54;199;2
116114;60;9;0
116115;54;0;2
116115;60;9;0
116116;54;49;2
116116;60;9;0
116117;54;74;2
116117;60;9;0
116118;54;99;2
116118;60;9;0
116119;54;124;2
116119;60;9;0
116120;54;149;2
116120;60;9;0
116121;54;174;2
116121;60;9;0
116122;54;189;2
116122;60;9;0
116123;54;189;2
116123;60;9;0
116124;54;199;2
116124;60;9;0
116125;54;0;2
116125;60;9;0
116126;54;49;2
116126;60;9;0
116127;54;74;2
116127;60;9;0
116128;54;99;2
116128;60;9;0
116129;54;124;2
116129;60;9;0
116130;54;149;2
116130;60;9;0
116131;54;174;2
116131;60;9;0
116132;54;189;2
116132;60;9;0
116133;54;189;2
116133;60;9;0
116134;54;199;2
116134;60;9;0
116135;54;0;2
116135;60;9;0
116136;54;49;2
116136;60;9;0
116137;54;74;2
116137;60;9;0
116138;54;99;2
116138;60;9;0
116139;54;124;2
116139;60;9;0
116140;54;149;2
116140;60;9;0
116141;54;174;2
116141;60;9;0
116142;54;189;2
116142;60;9;0
116143;54;189;2
116143;60;9;0
116144;54;199;2
116144;60;9;0
116145;54;0;2
116145;60;9;0
116146;54;49;2
116146;60;9;0
116147;54;74;2
116147;60;9;0
116148;54;99;2
116148;60;9;0
116149;54;124;2
116149;60;9;0
116150;54;149;2
116150;60;9;0
116151;54;174;2
116151;60;9;0
116152;54;189;2
116152;60;9;0
116153;54;189;2
116153;60;9;0
116154;54;199;2
116154;60;9;0
116155;54;0;2
116155;60;9;0
116156;54;49;2
116156;60;9;0
116157;54;74;2
116157;60;9;0
116158;54;99;2
116158;60;9;0
116159;54;124;2
116159;60;9;0
116160;54;149;2
116160;60;9;0
116161;54;174;2
116161;60;9;0
116162;54;189;2
116162;60;9;0
116163;54;189;2
116163;60;9;0
116164;54;199;2
116164;60;9;0
116165;54;0;2
116165;60;9;0
116166;54;49;2
116166;60;9;0
116167;54;74;2
116167;60;9;0
116168;54;99;2
116168;60;9;0
116169;54;124;2
116169;60;9;0
116170;54;149;2
116170;60;9;0
116171;54;174;2
116171;60;9;0
116172;54;189;2
116172;60;9;0
116173;54;189;2
116173;60;9;0
116174;54;199;2
116174;60;9;0
116190;54;0;2
116190;60;3;0
116191;54;49;2
116191;60;3;0
116192;54;74;2
116192;60;3;0
116193;54;99;2
116193;60;3;0
116194;54;124;2
116194;60;3;0
116195;54;149;2
116195;60;3;0
116196;54;174;2
116196;60;3;0
116197;54;189;2
116197;60;3;0
116198;54;189;2
116198;60;3;0
116199;54;199;2
116199;60;3;0
116200;54;0;2
116200;60;3;0
116201;54;49;2
116201;60;3;0
116202;54;74;2
116202;60;3;0
116203;54;99;2
116203;60;3;0
116204;54;124;2
116204;60;3;0
116205;54;149;2
116205;60;3;0
116206;54;174;2
116206;60;3;0
116207;54;189;2
116207;60;3;0
116208;54;189;2
116208;60;3;0
116209;54;199;2
116209;60;3;0
116210;54;0;2
116210;60;3;0
116211;54;49;2
116211;60;3;0
116212;54;74;2
116212;60;3;0
116213;54;99;2
116213;60;3;0
116214;54;124;2
116214;60;3;0
116215;54;149;2
116215;60;3;0
116216;54;174;2
116216;60;3;0
116217;54;189;2
116217;60;3;0
116218;54;189;2
116218;60;3;0
116219;54;199;2
116219;60;3;0
116220;54;0;2
116220;60;3;0
116221;54;49;2
116221;60;3;0
116222;54;74;2
116222;60;3;0
116223;54;99;2
116223;60;3;0
116224;54;124;2
116224;60;3;0
116225;54;149;2
116225;60;3;0
116226;54;174;2
116226;60;3;0
116227;54;189;2
116227;60;3;0
116228;54;189;2
116228;60;3;0
116229;54;199;2
116229;60;3;0
116230;54;0;2
116230;60;3;0
116231;54;49;2
116231;60;3;0
116232;54;74;2
116232;60;3;0
116233;54;99;2
116233;60;3;0
116234;54;124;2
116234;60;3;0
116235;54;149;2
116235;60;3;0
116236;54;174;2
116236;60;3;0
116237;54;189;2
116237;60;3;0
116238;54;189;2
116238;60;3;0
116239;54;199;2
116239;60;3;0
116240;54;0;2
116240;60;3;0
116241;54;49;2
116241;60;3;0
116242;54;74;2
116242;60;3;0
116243;54;99;2
116243;60;3;0
116244;54;124;2
116244;60;3;0
116245;54;149;2
116245;60;3;0
116246;54;174;2
116246;60;3;0
116247;54;189;2
116247;60;3;0
116248;54;189;2
116248;60;3;0
116249;54;199;2
116249;60;3;0
116250;54;0;2
116250;60;3;0
116251;54;49;2
116251;60;3;0
116252;54;74;2
116252;60;3;0
116253;54;99;2
116253;60;3;0
116254;54;124;2
116254;60;3;0
116255;54;149;2
116255;60;3;0
116256;54;174;2
116256;60;3;0
116257;54;189;2
116257;60;3;0
116258;54;189;2
116258;60;3;0
116259;54;199;2
116259;60;3;0
116260;54;0;2
116260;60;4;0
116261;54;49;2
116261;60;4;0
116262;54;74;2
116262;60;4;0
116263;54;99;2
116263;60;4;0
116264;54;124;2
116264;60;4;0
116265;54;149;2
116265;60;4;0
116266;54;174;2
116266;60;4;0
116267;54;189;2
116267;60;4;0
116268;54;189;2
116268;60;4;0
116269;54;199;2
116269;60;4;0
116270;54;0;2
116270;60;4;0
116271;54;49;2
116271;60;4;0
116272;54;74;2
116272;60;4;0
116273;54;99;2
116273;60;4;0
116274;54;124;2
116274;60;4;0
116275;54;149;2
116275;60;4;0
116276;54;174;2
116276;60;4;0
116277;54;189;2
116277;60;4;0
116278;54;189;2
116278;60;4;0
116279;54;199;2
116279;60;4;0
116280;54;0;2
116280;60;4;0
116281;54;49;2
116281;60;4;0
116282;54;74;2
116282;60;4;0
116283;54;99;2
116283;60;4;0
116284;54;124;2
116284;60;4;0
116285;54;149;2
116285;60;4;0
116286;54;174;2
116286;60;4;0
116287;54;189;2
116287;60;4;0
116288;54;189;2
116288;60;4;0
116289;54;199;2
116289;60;4;0
116290;54;0;2
116290;60;4;0
116291;54;49;2
116291;60;4;0
116292;54;74;2
116292;60;4;0
116293;54;99;2
116293;60;4;0
116294;54;124;2
116294;60;4;0
116295;54;149;2
116295;60;4;0
116296;54;174;2
116296;60;4;0
116297;54;189;2
116297;60;4;0
116298;54;189;2
116298;60;4;0
116299;54;199;2
116299;60;4;0
116300;54;0;2
116300;60;4;0
116301;54;49;2
116301;60;4;0
116302;54;74;2
116302;60;4;0
116303;54;99;2
116303;60;4;0
116304;54;124;2
116304;60;4;0
116305;54;149;2
116305;60;4;0
116306;54;174;2
116306;60;4;0
116307;54;189;2
116307;60;4;0
116308;54;189;2
116308;60;4;0
116309;54;199;2
116309;60;4;0
116310;54;0;2
116310;60;4;0
116311;54;49;2
116311;60;4;0
116312;54;74;2
116312;60;4;0
116313;54;99;2
116313;60;4;0
116314;54;124;2
116314;60;4;0
116315;54;149;2
116315;60;4;0
116316;54;174;2
116316;60;4;0
116317;54;189;2
116317;60;4;0
116318;54;189;2
116318;60;4;0
116319;54;199;2
116319;60;4;0
116320;54;0;2
116320;60;4;0
116321;54;49;2
116321;60;4;0
116322;54;74;2
116322;60;4;0
116323;54;99;2
116323;60;4;0
116324;54;124;2
116324;60;4;0
116325;54;149;2
116325;60;4;0
116326;54;174;2
116326;60;4;0
116327;54;189;2
116327;60;4;0
116328;54;189;2
116328;60;4;0
116329;54;199;2
116329;60;4;0
116330;54;0;2
116330;60;14;0
116331;54;49;2
116331;60;14;0
116332;54;74;2
116332;60;14;0
116333;54;99;2
116333;60;14;0
116334;54;124;2
116334;60;14;0
116335;54;149;2
116335;60;14;0
116336;54;174;2
116336;60;14;0
116337;54;189;2
116337;60;14;0
116338;54;189;2
116338;60;14;0
116339;54;199;2
116339;60;14;0
116340;54;0;2
116340;60;14;0
116341;54;49;2
116341;60;14;0
116342;54;74;2
116342;60;14;0
116343;54;99;2
116343;60;14;0
116344;54;124;2
116344;60;14;0
116345;54;149;2
116345;60;14;0
116346;54;174;2
116346;60;14;0
116347;54;189;2
116347;60;14;0
116348;54;189;2
116348;60;14;0
116349;54;199;2
116349;60;14;0
116350;54;0;2
116350;60;14;0
116351;54;49;2
116351;60;14;0
116352;54;74;2
116352;60;14;0
116353;54;99;2
116353;60;14;0
116354;54;124;2
116354;60;14;0
116355;54;149;2
116355;60;14;0
116356;54;174;2
116356;60;14;0
116357;54;189;2
116357;60;14;0
116358;54;189;2
116358;60;14;0
116359;54;199;2
116359;60;14;0
116360;54;0;2
116360;60;14;0
116361;54;49;2
116361;60;14;0
116362;54;74;2
116362;60;14;0
116363;54;99;2
116363;60;14;0
116364;54;124;2
116364;60;14;0
116365;54;149;2
116365;60;14;0
116366;54;174;2
116366;60;14;0
116367;54;189;2
116367;60;14;0
116368;54;189;2
116368;60;14;0
116369;54;199;2
116369;60;14;0
116370;54;0;2
116370;60;14;0
116371;54;49;2
116371;60;14;0
116372;54;74;2
116372;60;14;0
116373;54;99;2
116373;60;14;0
116374;54;124;2
116374;60;14;0
116375;54;149;2
116375;60;14;0
116376;54;174;2
116376;60;14;0
116377;54;189;2
116377;60;14;0
116378;54;189;2
116378;60;14;0
116379;54;199;2
116379;60;14;0
116380;54;0;2
116380;60;14;0
116381;54;49;2
116381;60;14;0
116382;54;74;2
116382;60;14;0
116383;54;99;2
116383;60;14;0
116384;54;124;2
116384;60;14;0
116385;54;149;2
116385;60;14;0
116386;54;174;2
116386;60;14;0
116387;54;189;2
116387;60;14;0
116388;54;189;2
116388;60;14;0
116389;54;199;2
116389;60;14;0
116390;54;0;2
116390;60;14;0
116391;54;49;2
116391;60;14;0
116392;54;74;2
116392;60;14;0
116393;54;99;2
116393;60;14;0
116394;54;124;2
116394;60;14;0
116395;54;149;2
116395;60;14;0
116396;54;174;2
116396;60;14;0
116397;54;189;2
116397;60;14;0
116398;54;189;2
116398;60;14;0
116399;54;199;2
116399;60;14;0
116400;54;0;2
116400;60;2;0
116401;54;49;2
116401;60;2;0
116402;54;74;2
116402;60;2;0
116403;54;99;2
116403;60;2;0
116404;54;124;2
116404;60;2;0
116405;54;149;2
116405;60;2;0
116406;54;174;2
116406;60;2;0
116407;54;189;2
116407;60;2;0
116408;54;189;2
116408;60;2;0
116409;54;199;2
116409;60;2;0
116410;54;0;2
116410;60;2;0
116411;54;49;2
116411;60;2;0
116412;54;74;2
116412;60;2;0
116413;54;99;2
116413;60;2;0
116414;54;124;2
116414;60;2;0
116415;54;149;2
116415;60;2;0
116416;54;174;2
116416;60;2;0
116417;54;189;2
116417;60;2;0
116418;54;189;2
116418;60;2;0
116419;54;199;2
116419;60;2;0
116420;54;0;2
116420;60;2;0
116421;54;49;2
116421;60;2;0
116422;54;74;2
116422;60;2;0
116423;54;99;2
116423;60;2;0
116424;54;124;2
116424;60;2;0
116425;54;149;2
116425;60;2;0
116426;54;174;2
116426;60;2;0
116427;54;189;2
116427;60;2;0
116428;54;189;2
116428;60;2;0
116429;54;199;2
116429;60;2;0
116430;54;0;2
116430;60;2;0
116431;54;49;2
116431;60;2;0
116432;54;74;2
116432;60;2;0
116433;54;99;2
116433;60;2;0
116434;54;124;2
116434;60;2;0
116435;54;149;2
116435;60;2;0
116436;54;174;2
116436;60;2;0
116437;54;189;2
116437;60;2;0
116438;54;189;2
116438;60;2;0
116439;54;199;2
116439;60;2;0
116440;54;0;2
116440;60;2;0
116441;54;49;2
116441;60;2;0
116442;54;74;2
116442;60;2;0
116443;54;99;2
116443;60;2;0
116444;54;124;2
116444;60;2;0
116445;54;149;2
116445;60;2;0
116446;54;174;2
116446;60;2;0
116447;54;189;2
116447;60;2;0
116448;54;189;2
116448;60;2;0
116449;54;199;2
116449;60;2;0
116450;54;0;2
116450;60;2;0
116451;54;49;2
116451;60;2;0
116452;54;74;2
116452;60;2;0
116453;54;99;2
116453;60;2;0
116454;54;124;2
116454;60;2;0
116455;54;149;2
116455;60;2;0
116456;54;174;2
116456;60;2;0
116457;54;189;2
116457;60;2;0
116458;54;189;2
116458;60;2;0
116459;54;199;2
116459;60;2;0
116460;54;0;2
116460;60;2;0
116461;54;49;2
116461;60;2;0
116462;54;74;2
116462;60;2;0
116463;54;99;2
116463;60;2;0
116464;54;124;2
116464;60;2;0
116465;54;149;2
116465;60;2;0
116466;54;174;2
116466;60;2;0
116467;54;189;2
116467;60;2;0
116468;54;189;2
116468;60;2;0
116469;54;199;2
116469;60;2;0
116501;54;0;2
116501;60;12;0
116502;54;49;2
116502;60;12;0
116503;54;74;2
116503;60;12;0
116504;54;99;2
116504;60;12;0
116505;54;124;2
116505;60;12;0
116506;54;149;2
116506;60;12;0
116507;54;174;2
116507;60;12;0
116508;54;189;2
116508;60;12;0
116509;54;189;2
116509;60;12;0
116510;54;199;2
116510;60;12;0
116511;54;0;2
116511;60;12;0
116512;54;49;2
116512;60;12;0
116513;54;74;2
116513;60;12;0
116514;54;99;2
116514;60;12;0
116515;54;124;2
116515;60;12;0
116516;54;149;2
116516;60;12;0
116517;54;174;2
116517;60;12;0
116518;54;189;2
116518;60;12;0
116519;54;189;2
116519;60;12;0
116520;54;199;2
116520;60;12;0
116521;54;0;2
116521;60;12;0
116522;54;49;2
116522;60;12;0
116523;54;74;2
116523;60;12;0
116524;54;99;2
116524;60;12;0
116525;54;124;2
116525;60;12;0
116526;54;149;2
116526;60;12;0
116527;54;174;2
116527;60;12;0
116528;54;189;2
116528;60;12;0
116529;54;189;2
116529;60;12;0
116530;54;199;2
116530;60;12;0
116531;54;0;2
116531;60;12;0
116532;54;49;2
116532;60;12;0
116533;54;74;2
116533;60;12;0
116534;54;99;2
116534;60;12;0
116535;54;124;2
116535;60;12;0
116536;54;149;2
116536;60;12;0
116537;54;174;2
116537;60;12;0
116538;54;189;2
116538;60;12;0
116539;54;189;2
116539;60;12;0
116540;54;199;2
116540;60;12;0
116541;54;0;2
116541;60;12;0
116542;54;49;2
116542;60;12;0
116543;54;74;2
116543;60;12;0
116544;54;99;2
116544;60;12;0
116545;54;124;2
116545;60;12;0
116546;54;149;2
116546;60;12;0
116547;54;174;2
116547;60;12;0
116548;54;189;2
116548;60;12;0
116549;54;189;2
116549;60;12;0
116550;54;199;2
116550;60;12;0
116551;54;0;2
116551;60;12;0
116552;54;49;2
116552;60;12;0
116553;54;74;2
116553;60;12;0
116554;54;99;2
116554;60;12;0
116555;54;124;2
116555;60;12;0
116556;54;149;2
116556;60;12;0
116557;54;174;2
116557;60;12;0
116558;54;189;2
116558;60;12;0
116559;54;189;2
116559;60;12;0
116560;54;199;2
116560;60;12;0
116561;54;0;2
116561;60;12;0
116562;54;49;2
116562;60;12;0
116563;54;74;2
116563;60;12;0
116564;54;99;2
116564;60;12;0
116565;54;124;2
116565;60;12;0
116566;54;149;2
116566;60;12;0
116567;54;174;2
116567;60;12;0
116568;54;189;2
116568;60;12;0
116569;54;189;2
116569;60;12;0
116570;54;199;2
116570;60;12;0
116571;54;0;2
116571;60;11;0
116572;54;49;2
116572;60;11;0
116573;54;74;2
116573;60;11;0
116574;54;99;2
116574;60;11;0
116575;54;124;2
116575;60;11;0
116576;54;149;2
116576;60;11;0
116577;54;174;2
116577;60;11;0
116578;54;189;2
116578;60;11;0
116579;54;189;2
116579;60;11;0
116580;54;199;2
116580;60;11;0
116581;54;0;2
116581;60;11;0
116582;54;49;2
116582;60;11;0
116583;54;74;2
116583;60;11;0
116584;54;99;2
116584;60;11;0
116585;54;124;2
116585;60;11;0
116586;54;149;2
116586;60;11;0
116587;54;174;2
116587;60;11;0
116588;54;189;2
116588;60;11;0
116589;54;189;2
116589;60;11;0
116590;54;199;2
116590;60;11;0
116591;54;0;2
116591;60;11;0
116592;54;49;2
116592;60;11;0
116593;54;74;2
116593;60;11;0
116594;54;99;2
116594;60;11;0
116595;54;124;2
116595;60;11;0
116596;54;149;2
116596;60;11;0
116597;54;174;2
116597;60;11;0
116598;54;189;2
116598;60;11;0
116599;54;189;2
116599;60;11;0
116600;54;199;2
116600;60;11;0
116601;54;0;2
116601;60;11;0
116602;54;49;2
116602;60;11;0
116603;54;74;2
116603;60;11;0
116604;54;99;2
116604;60;11;0
116605;54;124;2
116605;60;11;0
116606;54;149;2
116606;60;11;0
116607;54;174;2
116607;60;11;0
116608;54;189;2
116608;60;11;0
116609;54;189;2
116609;60;11;0
116610;54;199;2
116610;60;11;0
116611;54;0;2
116611;60;11;0
116612;54;49;2
116612;60;11;0
116613;54;74;2
116613;60;11;0
116614;54;99;2
116614;60;11;0
116615;54;124;2
116615;60;11;0
116616;54;149;2
116616;60;11;0
116617;54;174;2
116617;60;11;0
116618;54;189;2
116618;60;11;0
116619;54;189;2
116619;60;11;0
116620;54;199;2
116620;60;11;0
116621;54;0;2
116621;60;11;0
116622;54;49;2
116622;60;11;0
116623;54;74;2
116623;60;11;0
116624;54;99;2
116624;60;11;0
116625;54;124;2
116625;60;11;0
116626;54;149;2
116626;60;11;0
116627;54;174;2
116627;60;11;0
116628;54;189;2
116628;60;11;0
116629;54;189;2
116629;60;11;0
116630;54;199;2
116630;60;11;0
116631;54;0;2
116631;60;11;0
116632;54;49;2
116632;60;11;0
116633;54;74;2
116633;60;11;0
116634;54;99;2
116634;60;11;0
116635;54;124;2
116635;60;11;0
116636;54;149;2
116636;60;11;0
116637;54;174;2
116637;60;11;0
116638;54;189;2
116638;60;11;0
116639;54;189;2
116639;60;11;0
116640;54;199;2
116640;60;11;0
116641;54;0;2
116641;60;1;0
116642;54;49;2
116642;60;1;0
116643;54;74;2
116643;60;1;0
116644;54;99;2
116644;60;1;0
116645;54;124;2
116645;60;1;0
116646;54;149;2
116646;60;1;0
116647;54;174;2
116647;60;1;0
116648;54;189;2
116648;60;1;0
116649;54;189;2
116649;60;1;0
116650;54;199;2
116650;60;1;0
116651;54;0;2
116651;60;1;0
116652;54;49;2
116652;60;1;0
116653;54;74;2
116653;60;1;0
116654;54;99;2
116654;60;1;0
116655;54;124;2
116655;60;1;0
116656;54;149;2
116656;60;1;0
116657;54;174;2
116657;60;1;0
116658;54;189;2
116658;60;1;0
116659;54;189;2
116659;60;1;0
116660;54;199;2
116660;60;1;0
116661;54;0;2
116661;60;1;0
116662;54;49;2
116662;60;1;0
116663;54;74;2
116663;60;1;0
116664;54;99;2
116664;60;1;0
116665;54;124;2
116665;60;1;0
116666;54;149;2
116666;60;1;0
116667;54;174;2
116667;60;1;0
116668;54;189;2
116668;60;1;0
116669;54;189;2
116669;60;1;0
116670;54;199;2
116670;60;1;0
116671;54;0;2
116671;60;1;0
116672;54;49;2
116672;60;1;0
116673;54;74;2
116673;60;1;0
116674;54;99;2
116674;60;1;0
116675;54;124;2
116675;60;1;0
116676;54;149;2
116676;60;1;0
116677;54;174;2
116677;60;1;0
116678;54;189;2
116678;60;1;0
116679;54;189;2
116679;60;1;0
116680;54;199;2
116680;60;1;0
116681;54;0;2
116681;60;1;0
116682;54;49;2
116682;60;1;0
116683;54;74;2
116683;60;1;0
116684;54;99;2
116684;60;1;0
116685;54;124;2
116685;60;1;0
116686;54;149;2
116686;60;1;0
116687;54;174;2
116687;60;1;0
116688;54;189;2
116688;60;1;0
116689;54;189;2
116689;60;1;0
116690;54;199;2
116690;60;1;0
116691;54;0;2
116691;60;1;0
116692;54;49;2
116692;60;1;0
116693;54;74;2
116693;60;1;0
116694;54;99;2
116694;60;1;0
116695;54;124;2
116695;60;1;0
116696;54;149;2
116696;60;1;0
116697;54;174;2
116697;60;1;0
116698;54;189;2
116698;60;1;0
116699;54;189;2
116699;60;1;0
116700;54;199;2
116700;60;1;0
116701;54;0;2
116701;60;1;0
116702;54;49;2
116702;60;1;0
116703;54;74;2
116703;60;1;0
116704;54;99;2
116704;60;1;0
116705;54;124;2
116705;60;1;0
116706;54;149;2
116706;60;1;0
116707;54;174;2
116707;60;1;0
116708;54;189;2
116708;60;1;0
116709;54;189;2
116709;60;1;0
116710;54;199;2
116710;60;1;0
116711;54;0;2
116711;60;15;0
116712;54;49;2
116712;60;15;0
116713;54;74;2
116713;60;15;0
116714;54;99;2
116714;60;15;0
116715;54;124;2
116715;60;15;0
116716;54;149;2
116716;60;15;0
116717;54;174;2
116717;60;15;0
116718;54;189;2
116718;60;15;0
116719;54;189;2
116719;60;15;0
116720;54;199;2
116720;60;15;0
116721;54;0;2
116721;60;15;0
116722;54;49;2
116722;60;15;0
116723;54;74;2
116723;60;15;0
116724;54;99;2
116724;60;15;0
116725;54;124;2
116725;60;15;0
116726;54;149;2
116726;60;15;0
116727;54;174;2
116727;60;15;0
116728;54;189;2
116728;60;15;0
116729;54;189;2
116729;60;15;0
116730;54;199;2
116730;60;15;0
116731;54;0;2
116731;60;15;0
116732;54;49;2
116732;60;15;0
116733;54;74;2
116733;60;15;0
116734;54;99;2
116734;60;15;0
116735;54;124;2
116735;60;15;0
116736;54;149;2
116736;60;15;0
116737;54;174;2
116737;60;15;0
116738;54;189;2
116738;60;15;0
116739;54;189;2
116739;60;15;0
116740;54;199;2
116740;60;15;0
116741;54;0;2
116741;60;15;0
116742;54;49;2
116742;60;15;0
116743;54;74;2
116743;60;15;0
116744;54;99;2
116744;60;15;0
116745;54;124;2
116745;60;15;0
116746;54;149;2
116746;60;15;0
116747;54;174;2
116747;60;15;0
116748;54;189;2
116748;60;15;0
116749;54;189;2
116749;60;15;0
116750;54;199;2
116750;60;15;0
116751;54;0;2
116751;60;15;0
116752;54;49;2
116752;60;15;0
116753;54;74;2
116753;60;15;0
116754;54;99;2
116754;60;15;0
116755;54;124;2
116755;60;15;0
116756;54;149;2
116756;60;15;0
116757;54;174;2
116757;60;15;0
116758;54;189;2
116758;60;15;0
116759;54;189;2
116759;60;15;0
116760;54;199;2
116760;60;15;0
116761;54;0;2
116761;60;15;0
116762;54;49;2
116762;60;15;0
116763;54;74;2
116763;60;15;0
116764;54;99;2
116764;60;15;0
116765;54;124;2
116765;60;15;0
116766;54;149;2
116766;60;15;0
116767;54;174;2
116767;60;15;0
116768;54;189;2
116768;60;15;0
116769;54;189;2
116769;60;15;0
116770;54;199;2
116770;60;15;0
116771;54;0;2
116771;60;15;0
116772;54;49;2
116772;60;15;0
116773;54;74;2
116773;60;15;0
116774;54;99;2
116774;60;15;0
116775;54;124;2
116775;60;15;0
116776;54;149;2
116776;60;15;0
116777;54;174;2
116777;60;15;0
116778;54;189;2
116778;60;15;0
116779;54;189;2
116779;60;15;0
116780;54;199;2
116780;60;15;0
116781;54;0;2
116781;60;7;0
116782;54;49;2
116782;60;7;0
116783;54;74;2
116783;60;7;0
116784;54;99;2
116784;60;7;0
116785;54;124;2
116785;60;7;0
116786;54;149;2
116786;60;7;0
116787;54;174;2
116787;60;7;0
116788;54;189;2
116788;60;7;0
116789;54;189;2
116789;60;7;0
116790;54;199;2
116790;60;7;0
116791;54;0;2
116791;60;7;0
116792;54;49;2
116792;60;7;0
116793;54;74;2
116793;60;7;0
116794;54;99;2
116794;60;7;0
116795;54;124;2
116795;60;7;0
116796;54;149;2
116796;60;7;0
116797;54;174;2
116797;60;7;0
116798;54;189;2
116798;60;7;0
116799;54;189;2
116799;60;7;0
116800;54;199;2
116800;60;7;0
116801;54;0;2
116801;60;7;0
116802;54;49;2
116802;60;7;0
116803;54;74;2
116803;60;7;0
116804;54;99;2
116804;60;7;0
116805;54;124;2
116805;60;7;0
116806;54;149;2
116806;60;7;0
116807;54;174;2
116807;60;7;0
116808;54;189;2
116808;60;7;0
116809;54;189;2
116809;60;7;0
116810;54;199;2
116810;60;7;0
116811;54;0;2
116811;60;7;0
116812;54;49;2
116812;60;7;0
116813;54;74;2
116813;60;7;0
116814;54;99;2
116814;60;7;0
116815;54;124;2
116815;60;7;0
116816;54;149;2
116816;60;7;0
116817;54;174;2
116817;60;7;0
116818;54;189;2
116818;60;7;0
116819;54;189;2
116819;60;7;0
116820;54;199;2
116820;60;7;0
116821;54;0;2
116821;60;7;0
116822;54;49;2
116822;60;7;0
116823;54;74;2
116823;60;7;0
116824;54;99;2
116824;60;7;0
116825;54;124;2
116825;60;7;0
116826;54;149;2
116826;60;7;0
116827;54;174;2
116827;60;7;0
116828;54;189;2
116828;60;7;0
116829;54;189;2
116829;60;7;0
116830;54;199;2
116830;60;7;0
116831;54;0;2
116831;60;7;0
116832;54;49;2
116832;60;7;0
116833;54;74;2
116833;60;7;0
116834;54;99;2
116834;60;7;0
116835;54;124;2
116835;60;7;0
116836;54;149;2
116836;60;7;0
116837;54;174;2
116837;60;7;0
116838;54;189;2
116838;60;7;0
116839;54;189;2
116839;60;7;0
116840;54;199;2
116840;60;7;0
116841;54;0;2
116841;60;7;0
116842;54;49;2
116842;60;7;0
116843;54;74;2
116843;60;7;0
116844;54;99;2
116844;60;7;0
116845;54;124;2
116845;60;7;0
116846;54;149;2
116846;60;7;0
116847;54;174;2
116847;60;7;0
116848;54;189;2
116848;60;7;0
116849;54;189;2
116849;60;7;0
116850;54;199;2
116850;60;7;0
119507;54;50;2
119508;54;100;2
119509;54;200;2
119523;54;50;2
119524;54;100;2
119525;54;200;2
119526;54;50;2
119527;54;100;2
119528;54;200;2
119529;54;50;2
119530;54;100;2
119531;54;200;2
119532;54;50;2
119533;54;100;2
119534;54;200;2
119535;54;50;2
119536;54;100;2
119537;54;200;2
125093;54;19;2
125093;60;6;0
125094;54;69;2
125094;60;6;0
125095;54;109;2
125095;60;6;0
125096;54;149;2
125096;60;6;0
125097;54;199;2
125097;60;6;0
125098;54;205;2
125098;60;6;0
125231;54;179;2
125231;60;4;0
125232;54;189;2
125232;60;4;0
125233;54;201;2
125233;60;4;0
125234;54;203;2
125234;60;4;0
125235;54;205;2
125235;60;4;0
125236;54;207;2
125236;60;4;0
129456;54;49;2
129456;60;14;0
129457;54;99;2
129457;60;14;0
129458;54;149;2
129458;60;14;0
129459;54;199;2
129459;60;14;0
129460;54;214;2
129460;60;14;0
130019;169;0;2
130019;54;199;2
130020;169;4;2
130020;54;200;2
130021;169;7;2
130021;54;202;2
130022;169;9;2
130022;54;204;2
130023;169;14;2
130023;54;206;2
130024;169;19;2
130024;54;209;2
130025;169;24;2
130025;54;212;2
130026;169;25;2
130026;54;214;2
130027;169;27;2
130027;54;217;2
130028;169;29;2
130028;54;219;2
